{"count":1,"self":771.058176,"total":2010.7275957,"children":{"InitializeActuators":{"count":1487,"self":0.0034861,"total":0.0034861,"children":null},"InitializeSensors":{"count":1487,"self":0.0025107,"total":0.0025107,"children":null},"AgentSendState":{"count":50262,"self":4.6202423999999995,"total":27.6716595,"children":{"CollectObservations":{"count":4050384,"self":6.6584276,"total":6.6584274999999993,"children":null},"WriteActionMask":{"count":4050384,"self":0.68707889999999994,"total":0.68707889999999994,"children":null},"RequestDecision":{"count":4050384,"self":4.6485312,"total":15.7059106,"children":{"AgentInfo.ToProto":{"count":4049648,"self":2.9079878,"total":11.0573794,"children":{"GenerateSensorData":{"count":4049648,"self":8.1493919999999989,"total":8.1493916,"children":null}}}}}}},"DecideAction":{"count":50262,"self":1165.689856,"total":1165.6898601,"children":null},"AgentAct":{"count":50262,"self":44.9472032,"total":44.9784204,"children":{"AgentInfo.ToProto":{"count":2342,"self":0.0096695,"total":0.031217799999999997,"children":{"GenerateSensorData":{"count":2342,"self":0.0215483,"total":0.0215483,"children":null}}}}},"AgentInfo.ToProto":{"count":187951,"self":0.43410089999999996,"total":1.3234858999999999,"children":{"GenerateSensorData":{"count":187951,"self":0.889385,"total":0.889385,"children":null}}}},"gauges":{"Agent Controller.CumulativeReward":{"count":190327,"max":2458.45166,"min":-25.943243,"runningAverage":9.092265,"value":-6.828493,"weightedAverage":3.77250862}},"metadata":{"timer_format_version":"0.1.0","start_time_seconds":"1722927068","unity_version":"2022.3.28f1","command_line_arguments":"C:\\Program Files\\Unity\\Hub\\Editor\\2022.3.28f1\\Editor\\Unity.exe -projectpath C:\\Github\\unity-ml-machine\\ml-machine -useHub -hubIPC -cloudEnvironment production -licensingIpc LicenseClient-whgud -hubSessionId 58bd4ada-be36-4101-8a2d-067cb3ab9491 -accessToken kil5Ee-CvP26NdQ56ct74od3TEzVEls6QWayOwoddnQ00df","communication_protocol_version":"1.5.0","com.unity.ml-agents_version":"2.0.1","scene_name":"AgentScene","end_time_seconds":"1722929079"}}